2,23/11/2015 00:00
8,23/11/2015 00:07
2,23/11/2015 00:07
8,23/11/2015 10:23
2,23/11/2015 10:23
32,23/11/2015 10:25
8,23/11/2015 10:27
32,23/11/2015 10:28
8,23/11/2015 10:28
4,23/11/2015 10:28
8,23/11/2015 10:28
2,23/11/2015 10:29
8,23/11/2015 10:29
2,23/11/2015 10:29
8,23/11/2015 10:29
2,23/11/2015 10:29
8,23/11/2015 10:30
2,23/11/2015 10:31
8,23/11/2015 10:31
32,23/11/2015 10:31
8,23/11/2015 10:31
32,23/11/2015 10:31
8,23/11/2015 10:32
2,23/11/2015 10:34
8,23/11/2015 10:38
2,23/11/2015 10:38
32,23/11/2015 10:49
8,23/11/2015 10:49
32,23/11/2015 10:59
8,23/11/2015 10:59
32,23/11/2015 10:59
8,23/11/2015 10:59
32,23/11/2015 10:59
8,23/11/2015 11:05
32,23/11/2015 11:08
8,23/11/2015 11:10
2,23/11/2015 11:12
8,23/11/2015 11:13
2,23/11/2015 11:13
8,23/11/2015 11:13
2,23/11/2015 11:13
8,23/11/2015 11:16
2,23/11/2015 11:17
8,23/11/2015 11:17
2,23/11/2015 11:17
8,23/11/2015 11:20
2,23/11/2015 11:20
8,23/11/2015 11:21
2,23/11/2015 11:22
8,23/11/2015 11:25
32,23/11/2015 11:25
8,23/11/2015 11:25
2,23/11/2015 11:26
8,23/11/2015 11:26
32,23/11/2015 11:26
8,23/11/2015 11:26
2,23/11/2015 11:26
8,23/11/2015 11:27
2,23/11/2015 11:27
8,23/11/2015 11:28
2,23/11/2015 11:28
8,23/11/2015 11:31
2,23/11/2015 11:31
8,23/11/2015 11:33
2,23/11/2015 11:34
8,23/11/2015 11:36
2,23/11/2015 11:36
8,23/11/2015 11:40
2,23/11/2015 11:40
8,23/11/2015 11:43
2,23/11/2015 11:43
8,23/11/2015 11:43
2,23/11/2015 11:44
8,23/11/2015 11:44
2,23/11/2015 11:44
8,23/11/2015 11:45
2,23/11/2015 11:45
8,23/11/2015 11:48
2,23/11/2015 11:48
8,23/11/2015 11:49
2,23/11/2015 11:49
8,23/11/2015 11:50
2,23/11/2015 11:50
8,23/11/2015 11:51
2,23/11/2015 11:51
8,23/11/2015 11:52
2,23/11/2015 11:52
8,23/11/2015 11:56
2,23/11/2015 11:56
8,23/11/2015 11:56
2,23/11/2015 11:56
8,23/11/2015 11:57
2,23/11/2015 11:57
8,23/11/2015 11:59
2,23/11/2015 11:59
8,23/11/2015 11:59
2,23/11/2015 11:59
8,23/11/2015 12:00
2,23/11/2015 12:00
8,23/11/2015 12:00
32,23/11/2015 12:02
2,23/11/2015 12:03
32,23/11/2015 12:05
4,23/11/2015 12:05
32,23/11/2015 12:05
8,23/11/2015 12:07
32,23/11/2015 12:07
8,23/11/2015 12:07
32,23/11/2015 12:08
8,23/11/2015 12:09
32,23/11/2015 12:10
8,23/11/2015 12:10
32,23/11/2015 12:12
8,23/11/2015 12:14
2,23/11/2015 12:16
8,23/11/2015 12:17
2,23/11/2015 12:17
8,23/11/2015 12:20
2,23/11/2015 12:20
8,23/11/2015 12:35
2,23/11/2015 12:35
8,23/11/2015 12:36
2,23/11/2015 12:37
8,23/11/2015 12:37
2,23/11/2015 12:38
8,23/11/2015 12:38
2,23/11/2015 12:39
32,23/11/2015 12:39
2,23/11/2015 12:40
32,23/11/2015 12:42
8,23/11/2015 12:43
32,23/11/2015 12:43
2,23/11/2015 12:45
8,23/11/2015 12:46
2,23/11/2015 12:46
8,23/11/2015 13:21
2,23/11/2015 13:22
8,23/11/2015 13:25
2,23/11/2015 13:25
8,23/11/2015 13:30
2,23/11/2015 13:30
8,23/11/2015 13:30
2,23/11/2015 13:30
8,23/11/2015 13:34
2,23/11/2015 13:34
8,23/11/2015 13:34
2,23/11/2015 13:35
8,23/11/2015 13:40
2,23/11/2015 13:40
8,23/11/2015 13:41
2,23/11/2015 13:41
8,23/11/2015 13:44
2,23/11/2015 13:44
8,23/11/2015 13:45
2,23/11/2015 13:45
8,23/11/2015 13:46
2,23/11/2015 13:46
8,23/11/2015 13:46
2,23/11/2015 13:49
8,23/11/2015 13:49
32,23/11/2015 13:49
8,23/11/2015 13:50
2,23/11/2015 13:50
8,23/11/2015 13:51
2,23/11/2015 13:51
8,23/11/2015 13:52
2,23/11/2015 13:52
8,23/11/2015 13:53
2,23/11/2015 13:53
8,23/11/2015 13:54
2,23/11/2015 13:54
8,23/11/2015 13:54
2,23/11/2015 13:54
8,23/11/2015 13:55
32,23/11/2015 13:55
2,23/11/2015 13:57
32,23/11/2015 14:00
8,23/11/2015 14:00
32,23/11/2015 14:00
8,23/11/2015 14:01
2,23/11/2015 14:02
8,23/11/2015 14:03
2,23/11/2015 14:04
8,23/11/2015 14:04
2,23/11/2015 14:04
8,23/11/2015 14:06
32,23/11/2015 14:06
8,23/11/2015 14:07
32,23/11/2015 14:07
8,23/11/2015 14:07
2,23/11/2015 14:08
8,23/11/2015 14:08
32,23/11/2015 14:08
8,23/11/2015 14:09
32,23/11/2015 14:10
512,23/11/2015 14:11
32,23/11/2015 14:11
512,23/11/2015 14:11
32,23/11/2015 14:11
8,23/11/2015 14:18
4,23/11/2015 14:18
8,23/11/2015 14:19
32,23/11/2015 14:19
8,23/11/2015 14:20
32,23/11/2015 14:21
8,23/11/2015 14:21
32,23/11/2015 14:23
512,23/11/2015 14:23
32,23/11/2015 14:23
2,23/11/2015 14:24
8,23/11/2015 14:24
4,23/11/2015 14:24
8,23/11/2015 14:25
2,23/11/2015 14:25
8,23/11/2015 14:25
4,23/11/2015 14:25
8,23/11/2015 14:25
2,23/11/2015 14:25
8,23/11/2015 14:26
4,23/11/2015 14:27
8,23/11/2015 14:27
2,23/11/2015 14:28
8,23/11/2015 14:28
2,23/11/2015 14:28
8,23/11/2015 14:28
2,23/11/2015 14:29
8,23/11/2015 14:29
32,23/11/2015 14:29
2,23/11/2015 14:30
32,23/11/2015 14:31
512,23/11/2015 14:32
32,23/11/2015 14:32
8,23/11/2015 14:32
4,23/11/2015 14:33
8,23/11/2015 14:33
4,23/11/2015 14:34
8,23/11/2015 14:34
2,23/11/2015 14:34
8,23/11/2015 14:34
2,23/11/2015 14:35
8,23/11/2015 14:35
2,23/11/2015 14:35
8,23/11/2015 14:35
2,23/11/2015 14:37
4,23/11/2015 14:37
8,23/11/2015 14:38
2,23/11/2015 14:40
8,23/11/2015 14:40
4,23/11/2015 14:41
8,23/11/2015 14:42
4,23/11/2015 14:45
8,23/11/2015 14:46
32,23/11/2015 14:50
8,23/11/2015 14:51
2,23/11/2015 14:51
8,23/11/2015 14:52
2,23/11/2015 14:52
8,23/11/2015 14:52
2,23/11/2015 14:52
8,23/11/2015 14:53
32,23/11/2015 14:54
8,23/11/2015 14:55
2,23/11/2015 15:02
8,23/11/2015 15:02
2,23/11/2015 15:02
8,23/11/2015 15:02
2,23/11/2015 15:03
8,23/11/2015 15:03
2,23/11/2015 15:03
8,23/11/2015 15:04
2,23/11/2015 15:04
8,23/11/2015 15:04
2,23/11/2015 15:05
8,23/11/2015 15:05
2,23/11/2015 15:07
8,23/11/2015 15:07
2,23/11/2015 15:08
8,23/11/2015 15:08
2,23/11/2015 15:08
8,23/11/2015 15:08
2,23/11/2015 15:09
8,23/11/2015 15:09
2,23/11/2015 15:09
8,23/11/2015 15:09
2,23/11/2015 15:10
8,23/11/2015 15:10
2,23/11/2015 15:11
8,23/11/2015 15:11
2,23/11/2015 15:11
8,23/11/2015 15:12
2,23/11/2015 15:12
8,23/11/2015 15:13
2,23/11/2015 15:13
8,23/11/2015 15:13
2,23/11/2015 15:14
8,23/11/2015 15:14
2,23/11/2015 15:14
8,23/11/2015 15:15
2,23/11/2015 15:15
8,23/11/2015 15:15
2,23/11/2015 15:15
8,23/11/2015 15:16
2,23/11/2015 15:16
8,23/11/2015 15:16
2,23/11/2015 15:16
8,23/11/2015 15:17
2,23/11/2015 15:17
8,23/11/2015 15:17
2,23/11/2015 15:18
8,23/11/2015 15:18
2,23/11/2015 15:18
32,23/11/2015 15:21
8,23/11/2015 15:21
2,23/11/2015 15:23
8,23/11/2015 15:24
2,23/11/2015 15:24
8,23/11/2015 15:25
2,23/11/2015 15:26
8,23/11/2015 15:26
2,23/11/2015 15:27
8,23/11/2015 15:27
2,23/11/2015 15:27
8,23/11/2015 15:27
2,23/11/2015 15:29
8,23/11/2015 15:29
2,23/11/2015 15:29
8,23/11/2015 15:29
2,23/11/2015 15:29
8,23/11/2015 15:29
2,23/11/2015 15:30
8,23/11/2015 15:30
2,23/11/2015 15:30
8,23/11/2015 15:30
2,23/11/2015 15:31
8,23/11/2015 15:31
2,23/11/2015 15:31
8,23/11/2015 15:32
2,23/11/2015 15:32
8,23/11/2015 15:32
2,23/11/2015 15:32
8,23/11/2015 15:33
2,23/11/2015 15:33
8,23/11/2015 15:33
2,23/11/2015 15:35
8,23/11/2015 15:36
2,23/11/2015 15:36
8,23/11/2015 15:36
2,23/11/2015 15:37
8,23/11/2015 15:37
2,23/11/2015 15:37
8,23/11/2015 15:37
2,23/11/2015 15:38
8,23/11/2015 15:39
2,23/11/2015 15:39
8,23/11/2015 15:39
2,23/11/2015 15:39
8,23/11/2015 15:40
2,23/11/2015 15:40
8,23/11/2015 15:40
2,23/11/2015 15:40
8,23/11/2015 15:41
2,23/11/2015 15:41
8,23/11/2015 15:42
2,23/11/2015 15:43
8,23/11/2015 15:44
2,23/11/2015 15:44
8,23/11/2015 15:44
2,23/11/2015 15:45
8,23/11/2015 15:45
2,23/11/2015 15:45
8,23/11/2015 15:45
2,23/11/2015 15:46
32,23/11/2015 15:46
8,23/11/2015 15:47
4,23/11/2015 15:51
32,23/11/2015 15:52
4,23/11/2015 15:52
8,23/11/2015 15:54
4,23/11/2015 15:55
8,23/11/2015 15:56
2,23/11/2015 15:56
8,23/11/2015 15:56
4,23/11/2015 15:58
8,23/11/2015 15:59
32,23/11/2015 15:59
8,23/11/2015 16:00
2,23/11/2015 16:00
8,23/11/2015 16:00
2,23/11/2015 16:00
8,23/11/2015 16:01
2,23/11/2015 16:01
8,23/11/2015 16:01
2,23/11/2015 16:02
8,23/11/2015 16:02
2,23/11/2015 16:02
8,23/11/2015 16:02
2,23/11/2015 16:02
8,23/11/2015 16:03
2,23/11/2015 16:03
8,23/11/2015 16:03
2,23/11/2015 16:03
8,23/11/2015 16:04
32,23/11/2015 16:04
8,23/11/2015 16:04
32,23/11/2015 16:04
8,23/11/2015 16:05
2,23/11/2015 16:09
8,23/11/2015 16:09
2,23/11/2015 16:09
8,23/11/2015 16:10
32,23/11/2015 16:12
8,23/11/2015 16:13
32,23/11/2015 16:13
8,23/11/2015 16:15
32,23/11/2015 16:15
8,23/11/2015 16:16
2,23/11/2015 16:16
8,23/11/2015 16:55
2,23/11/2015 16:55
8,23/11/2015 16:57
2,23/11/2015 16:57
8,23/11/2015 17:00
32,23/11/2015 17:00
8,23/11/2015 17:02
32,23/11/2015 17:02
512,23/11/2015 17:03
2,23/11/2015 17:03
32,23/11/2015 17:04
8,23/11/2015 17:04
32,23/11/2015 17:05
8,23/11/2015 17:06
2,23/11/2015 17:07
8,23/11/2015 17:07
2,23/11/2015 17:08
8,23/11/2015 17:19
2,23/11/2015 17:19
8,23/11/2015 17:27
2,23/11/2015 17:27
8,23/11/2015 17:31
2,23/11/2015 17:32
8,23/11/2015 17:36
2,23/11/2015 17:37
8,23/11/2015 17:37
2,23/11/2015 17:37
8,23/11/2015 17:39
2,23/11/2015 17:39
8,23/11/2015 17:40
2,23/11/2015 17:40
8,23/11/2015 17:41
2,23/11/2015 17:41
8,23/11/2015 17:44
2,23/11/2015 17:44
8,23/11/2015 17:44
2,23/11/2015 17:44
8,23/11/2015 17:45
2,23/11/2015 17:45
8,23/11/2015 17:48
2,23/11/2015 17:48
8,23/11/2015 17:51
2,23/11/2015 17:51
8,23/11/2015 17:55
2,23/11/2015 17:56
8,23/11/2015 18:00
4,23/11/2015 18:00
8,23/11/2015 18:00
2,23/11/2015 18:00
8,23/11/2015 18:00
2,23/11/2015 18:01
8,23/11/2015 18:03
2,23/11/2015 18:03
8,23/11/2015 18:05
2,23/11/2015 18:05
8,23/11/2015 18:06
2,23/11/2015 18:07
8,23/11/2015 18:10
2,23/11/2015 18:11
8,23/11/2015 18:17
2,23/11/2015 18:18
8,23/11/2015 18:20
2,23/11/2015 18:20
8,23/11/2015 18:23
2,23/11/2015 18:24
8,23/11/2015 18:49
2,23/11/2015 18:49
8,23/11/2015 18:50
2,23/11/2015 18:50
8,23/11/2015 18:55
2,23/11/2015 18:55
8,23/11/2015 18:58
2,23/11/2015 18:58
8,23/11/2015 18:58
2,23/11/2015 18:58
8,23/11/2015 19:09
2,23/11/2015 19:10
8,23/11/2015 20:04
2,23/11/2015 20:05
8,23/11/2015 20:05
2,23/11/2015 20:06
8,23/11/2015 20:07
2,23/11/2015 20:08
8,23/11/2015 20:14
2,23/11/2015 20:15
8,23/11/2015 20:19
2,23/11/2015 20:19
8,23/11/2015 20:46
2,23/11/2015 20:46
32,23/11/2015 20:46
8,23/11/2015 20:48
32,23/11/2015 20:52
8,23/11/2015 20:53
32,23/11/2015 20:53
8,23/11/2015 20:54
32,23/11/2015 20:54
8,23/11/2015 20:54
32,23/11/2015 20:54
8,23/11/2015 20:55
32,23/11/2015 20:55
8,23/11/2015 20:57
32,23/11/2015 20:57
8,23/11/2015 20:57
4,23/11/2015 20:59
8,23/11/2015 21:00
32,23/11/2015 21:01
8,23/11/2015 21:01
32,23/11/2015 21:01
8,23/11/2015 21:02
32,23/11/2015 21:02
8,23/11/2015 21:02
32,23/11/2015 21:03
8,23/11/2015 21:03
32,23/11/2015 21:04
8,23/11/2015 21:04
2,23/11/2015 21:04
8,23/11/2015 21:20
32,23/11/2015 21:21
8,23/11/2015 21:22
32,23/11/2015 21:22
8,23/11/2015 21:22
32,23/11/2015 21:23
2,23/11/2015 21:23
32,23/11/2015 21:30
8,23/11/2015 21:31
2,23/11/2015 21:32
8,23/11/2015 22:21
2,23/11/2015 22:22
8,23/11/2015 22:27
2,23/11/2015 22:27
8,23/11/2015 22:34
2,23/11/2015 22:34
2,24/11/2015 00:00